Manufacturer,Model,HoistVehicleVariant,MinStartDate,MaxEndDate,HoistProgress,MeasurementE,MeasurementO,MaxVehicleLoad,EngineICE,EngineFullEV,EngineHEV,EngineMHEV,EnginePHEV,HoistSide,Aframe,HingePostYoke,UpDownActuatorStroke,MeasurementD,MeasurementI,SeatNotes,SplitSeats,MeasurementK1,MeasurementN,DepthWithSeatsSlidForward,2ndRowSeatsFoldedLipToFloor,MeasurementK2,3rdRowSeatsFoldedLipToFloor,3rdRowOptions,BootFloorToBootLip,MeasurementP,MeasurementQ,MeasurementR,HeightEndArmToGround,FittingNotes,FalseFloorNotes
Dacia,Bigster,MK I,2025,,To Be Designed,725,,,,,,,,,,,,800,825,,,1010,1600,,0,0,0,,0,0,0,0,0,,
Dacia,Duster,MK III,Sep-24,,To Be Designed,700,,,,,,,,,,,,830,795,,,830,1400,,0,0,0,,0,0,0,0,0,,
Dacia,Jogger,MK I,Mar-22,,Complete,830,760,150,Yes,,Yes,,,Right,Regular,4 Up,300,920,640,"Think it's only available 7 seater.
Boot depth to 3rd row (folded forward) is 670mm.
7th seat will always be removed when hoist fitted. 6th seat can either be removed or folded up. (when nothing is being loaded)",60L 40R,1110,1650,,300,380,0,Remove,,520,760,800,320,"7th seat will always be removed when hoist fitted.
6th seat can either be removed or folded up (when nothing is being loaded).",
Dacia,Sandero,MK III,Mar-21,,To Be Assessed,,,,,,,,,,,,,,,,,0,0,,0,0,0,,0,0,0,0,0,,
Ford,Capri,,Oct-24,,Not Possible,625,,,,,,,,,,,,830,790,,,890,1490,,0,0,0,,0,0,0,0,0,,
Ford,Explorer,EV MK I,Aug-24,,Complete,680,610,100,,Yes,,,,Left,Regular,3 Up,250,950,730,2nd row seats are level to boot floor when folded down.,40L 60R,770,1500,,0,,,N/A,30,630,840,710,560,,False floor has a rating to 130kg so shouldn't be an issue as only do a 100kg hoist.
Ford,Kuga,MK III,Mar-20,,Complete,780,710,100,Yes,,Yes,,Yes,Right,Regular,4 Up,250,1000,685,,60L 40R,860,1590,,,,,N/A,,650,810,730,530,,False floor only has one height setting.
Ford,Tourneo Connect,MK III Grand 5 Seater (Deletion Pack),Aug-22,,Complete,1110,830,150,Yes,,,,,Right,Regular,5 Up,300,1070,580,"Measurement J could be 0mm as seat backrest can be angled differently but unlikely that someone wants to sit with it exactly vertical so used standard angle on measurements.

The measurement with seats folded is with the seats folded up vertically.

If you removed 2nd row rear seats fully then you can get a depth of approx. 1800mm",40L 60R,1330,1660,,,,,N/A,,750,950,840,490,,
Ford,Tourneo Connect,MK III 5 Seater,Aug-22,,Complete,1110,850,150,Yes,,,,Yes,Right,Regular,4 Up,300,1100,590,"Second row seats do not slide but do have adjustable angle seat backs.
Second row can be flipped up to store vertically against the front seats.
Second row can be completely removed if necessary/preferred.",60L 40R,1050,1650,,,,,N/A,,750,940,860,320,,"No false floor, just carpet onto vehicle base."
Ford,Tourneo Connect,MK III Grand 7 Seater,Aug-22,,Complete,1120,780,150,Yes,,,,,Right,Regular,5 Down,300,1065,560,"Must remove third row when hoist is installed.
The seat back angle can be adjusted on the middle row but is fixed with the third row.",60L 40R,1390,2110,,,560,,Remove,,760,930,770,240,Must remove third row of seats when hoist is installed.,Single fixed floor with hard points for removable third row seats.
Ford,Tourneo Courier,MK II,2023,,Complete,1105,920,150,Yes,,,,,Right,Regular,4 Down,300,1090,510,Step up to folded seats.,60L 40R,790,1900,,240,,,N/A,,660,950,945,230,,
Ford,Tourneo Custom,MK II LWB,Feb-24,,To Be Assessed,,,,,,,,,,,,,,,,,0,0,,0,0,0,,0,0,0,0,0,,
Ford,Tourneo Custom,MK II SWB,Feb-24,,To Be Assessed,,,,,,,,,,,,,,,,,0,0,,0,0,0,,0,0,0,0,0,,
Ford,Transit Custom,MK II LWB,Nov-23,,To Be Assessed,,,,,,,,,,,,,,,,,0,0,,0,0,0,,0,0,0,0,0,,
Ford,Transit Custom,MK II SWB,Nov-23,,Complete,1280,920,150,,,,,Yes,Right,Regular,6 Up,300,1320,600,"Van designed on had no rear seats in so limited seating information at the moment.
Think can come with 2 or 3 seats in the front row and then upto the dealership if they add any additional seats so we'd probably have to check on an individual basis.",,2500,,,,,0,,,940,1150,950,600,Design completed on a PHEV van with barn doors and ply-lining.,
Honda,CR-V,MK VI,Aug-23,,To Be Designed,820,,,,,,,,,,,,790,710,,,870,0,,0,0,0,,0,0,0,0,0,,
Honda,HR-V,MK III,Sep-21,,Complete,725,700,100,,,Yes,,,Right,Regular,4 Up,250,900,705,Second row seats do not slide and angle of backrest is not adjustable.,60L 40R,760,1620,,,,,N/A,,520,720,695,630,,False floor only has one height available.
Honda,Jazz,MK IV Crosstar,Mar-20,,To Be Designed,,,,,,,,,,,,,,,,,0,0,,0,0,0,,0,0,0,0,0,,
Honda,Jazz,MK IV,Mar-20,,To Be Designed,865,,,,,,,,,,,,930,260,,,595,1345,,,,,,,,,,,,
Hyundai,Santa Fe,MK V 7 Seater,2024,,Complete,810,740,100,,,,,Yes,Right,Compact,4 Down,300,860,750,,60L 40R,1060,1700,1140,0,370,0,Folddown,0,660,960,780,0,,
Hyundai,Tucson,MK III PHEV,Jan-21,,To Be Designed,,,,,,,,,,,,,,,,,0,0,,0,0,0,,0,0,0,0,0,,
Hyundai,Tucson,MK III,Jan-21,,Complete,720,690,100,Yes,,Yes,Yes,No,Right,Regular,4 Up,250,1000,725,2nd row seats have variable angle settings for back portion. At the forward position they are almost vertical but measurements taken at a standard seating angle.,3 Individual,870,1770,,,,,N/A,,610,800,700,480,"HEV - No separate 12V battery so have to wire to the 12V feed on the main lithium ion polymer propulsion battery.
False floor must be on highest setting for hoist.",False floor must be on highest setting for hoist. Lower setting is 80mm lower and slopes up towards the front.
Jaecoo,5,MK I,2025,,To Be Designed,690,,,,,,,,Right,,,,830,810,,60L 40R,830,1430,,0,0,0,N/A,0,0,0,0,0,,
Jaecoo,7,MK I,2025,,Complete,710,630,100,Yes,,,,No,Right,Regular,3 Down,250,820,770,Split seat measurement: 630mm / 415mm,60L 40R,830,1450,,,,,N/A,0,510,750,670,480,Designed on ICE model. Will not fit on PHEV without a new design.,
Kia,EV3,MK I,Nov-24,,Complete,630,575,100,,Yes,,,,Right,Regular,2 Down,250,1010,760,Seats do not slide forward.,40L 60R,780,1400,,,,,N/A,10,470,800,605,260,"Kia advise the maximum floor load is 60kgs.
A re-inforced false floor would be required if loading heavier mobility device.",False floor has a maximum load rating of 60kg.
Kia,EV4,MK I Hatchback,2025,,To Be Designed,640,,,,Yes,,,,,,,,980,740,,60L - 40R,780,1450,,0,0,0,N/A,0,0,0,0,0,"Will only work on hatchback variant, not the fastback.",
Kia,EV5,MK I,2025,,Complete,740,680,100,,Yes,,,,Right,Regular,3 Up,300,890,760,2nd row seats are level with boot floor when folded down.,60L / 40R,880,1780,,0,,,N/A,10,560,780,690,320,,
Kia,EV9,MK I,Jan-24,,To Be Assessed,,,,,,,,,,,,,,,,,0,0,,0,0,0,,0,0,0,0,0,,
Kia,Niro,MK II,Jul-22,,Complete,640,570,100,,Yes,Yes,,,Left,Regular,1 Up,250,970,750,"Seats do not slide.
2nd row seats fold but with a slight angle.",40L 60R,800,1700,,0,0,0,N/A,200,470,770,600,380,,Boot floor only has one setting.
Kia,PV5,MK I,2025,,To Be Assessed,,,,,,,,,,,,,,,,,0,0,,0,0,0,,0,0,0,0,0,,
Kia,Sportage,MK V,Mar-22,,Complete,760,675,100,,,Yes,Yes,Yes,Right,Regular,4 Down,250,1030,710,"3 individual seats on design vehicle. Be cautious as some specs may be split seating.

On design vehicle, second row seats had adjustable backrests. Measurements shown are with backrests fully back. Can gain about 200mm if put backrests straight but unlikely people want to sit fully upright.",3 Individual,860,1480,,,,,N/A,,630,820,690,630,,False floor must be set on highest setting.
Kia,Stonic,MK I,Oct-17,,To Be Assessed,,,,,,,,,,,,,,,,,,,,,,,,,,0,0,0,,
Leapmotor,B10,MK I,Oct-25,,To Be Assessed,,,,,,,,,,,,,,,,,,,,,,,,,,0,0,0,,
Leapmotor,C10,MK I,Jan-25,,To Be Assessed,,,,,,,,,,,,,,,,,,,,,,,,,,0,0,0,,
Lexus,NX,MK II,May-22,,To Be Designed,700,,,,,,,,,,,,820,790,,,910,1530,,,,,,,,0,0,0,,
MG,HS,MK II,2024,,Complete,700,650,100,Yes,,Yes,,Maybe,Right,Regular,3 Up,250,970,740,,60L 40R,900,1800,,25,,0,N/A,25,580,760,680,480,"Designed on ICE model, fitted to HEV waiting to see PHEV.",False floor only has one setting.
MG,S5 EV,MK I,Apr-25,,To Be Assessed,,,,,,,,,,,,,,,,,,,,,,,,,,0,0,0,,
MG,S6 EV,MK I,Nov-25,,To Be Assessed,,,,,,,,,,,,,,,,,,,,,,,,,,0,0,0,,
MG,ZS,MK II (Crossover),Oct-24,,To Be Designed,740,,,,,,,,,,,,860,740,,,820,1450,,,,,,,,0,0,0,,
MINI,Mini Countryman,MK III (U25),Nov-23,,Complete,710,640,100,,Yes,,,,Right,Regular,3 Down,250,880,730,3 individual seats on vehicle measured. Unsure if this is the case on all specs so be careful when doing assessment.,3 Individual,820,1600,,,,,N/A,75,520,730,610,460,,
Nissan,Qashqai,MK IV,Jun-21,,Complete,710,620,100,Yes,,,Yes,,Right,Regular,4 Down,250,1000,780,,60L 40R,860,1700,,,,,,,560,830,670,590,If the vehicle has a false floor the maximum floor load is 50kgs. A re-inforced false floor would be required if loading heavier mobility device.,"If the vehicle has a false floor the maximum floor load is 50Kgs (taken from vehicle handbook).
If false floor fitted it is removable false floor. Sub-floor is 120mm below false floor."
Nissan,X-Trail,MK IV 5 Seater,Sep-22,,Complete,810,730,100,,,,Yes,,Right,Regular,4 Up,300,1020,770,2nd row seats do not slide.,60L 40R,950,1180,,,,,,,550,820,770,500,If the vehicle has a false floor the maximum floor load is 50kgs. A re-inforced false floor would be required if loading heavier mobility device.,"Boot floor only has one height. It slopes towards the front of the vehicle by around 3°        
If the vehicle has a false floor the maximum floor load is 50Kgs."
Nissan,X-Trail,MK IV 7 Seater,Sep-22,,Complete,820,730,100,Yes,,,,,Right,Compact,4 Up,300,1020,730,"If in/out actuator bracket removed the 3rd row could be deployed with hoist frame in the vehicle.

2nd row seats slide back/forth by approximately 250mm.

With 3rd row seats folded down, the boot floor inclines up to the front of the vehicle by approximately 5°. 2 row seats fold flat.",60L 40R,940,1520,1080,,310,,Folddown,,610,870,755,490,If in/out actuator bracket removed the 3rd row could be deployed with hoist frame in the vehicle.,"With 3rd row seats folded down, the boot floor inclines up to the front of the vehicle by approximately 5°.

Small section of boot floor behind the rear seats is not adjustable."
Omoda,5,MK I,Aug-24,,Complete,660,575,100,Yes,,,,,Right,Regular,3 Down,250,800,760,"Split seat measurements: 595mm/380mm.

Be aware that unless vehicle has additional floor we've not seen (see false floor notes) there is a step down from sill and then a step back up to folded seats.",60L 40R,800,1370,,120,,,N/A,105,570,790,615,240,,Design vehicle only had low down false floor. From shape of trim it looks as though there might be an option of a higher up false floor but this wasn't with the design vehicle so not sure if/when that would occur. Probably make the floor flat to the lip if there was one there rather than 105mm drop.
Omoda,7,MK I,Jan-26,,To Be Assessed,,,,,,,,,,,,,,,,,,,,,,,,,,0,0,0,,
Omoda,9,MK I,Feb-25,,Not Possible,,,,,Yes,,,,,,,,,,,60L 40R,,,,,,,,,,0,0,0,,
