Field,Value
Design,Citroen Berlingo
Variant,MK III Standard 5 Seater
Status,Complete
100KG,Yes
150KG,Yes
Max Vehicle Load,150
Min Start Date,Sep 2018
Max End Date,
ICE,Yes
Full EV,Yes
HEV,
mHEV,
PHEV,
Jig Hoist ID,HST-004
5 Seat,Yes
7 Seat,No
Other,No
Hoist Side,Right
Opening Height,1111 mm
Height Under S-Bar,900 mm
Opening Width,1050 mm
Height Boot Lip to Ground,610 mm
Split Seats,3 Individual
Depth Without Seat Folded (2nd Row),700 mm
Depth Without Seat Folded (3rd Row),
Depth With Seats Slid Forward (2nd Row),
Depth With Seats Slid Forward (3rd Row),
Depth With Seat Folded (2nd Row),
Depth With Seat Folded (3rd Row),
Lip From Boot Floor To Folded Seats (2nd Row),
Lip From Boot Floor To Folded Seats (3rd Row),
Third Row When Hoist Fitted,
False Floor,No
False Floor Setting With Hoist Fitted,No
Lip From Boot Floor To Opening,
General Notes,"Bulkhead Guard (a bit like a dog guard) - Design vehicle had guard fitted. If customer is having this, ensure it's fitted before we fit hoist. Bulkhead can be removed."
Seat Notes,If Bulkhead removed then depth without seat folded changes
Fitting Advice,If vehicle has bulkhead fitted/removed
False Floor Notes,