Manufacturer,Model,Variant,Start,End,Design Status,
Audi,Q3,MK III SUV,2025,,See Notes
BMW,2 Series Active Tourer,U06,Feb 2022,,See Notes
BMW,X1,U11,Jun 2022,,Complete
BYD,Atto 3,MK I,Mar 2023,,To Be Designed
BYD,Seal U,MK I,2025,,To Be Designed
BYD,Sealion 7,MK I,2025,,Not Possible
Chery,Tiggo 7,MK I,Sep 2025,,To Be Designed
Chery,Tiggo 8,MK I,Sep 2025,,To Be Designed
Citroen,Berlingo,MK II Van,2008,Oct 2019,See Notes
Citroen,Berlingo,MK III XL 7 Seater,Sep 2018,,Assumed like Other (see notes)
Citroen,Berlingo,MK III Standard 5 Seater,Sep 2018,,Complete